id,exercise,motion_file,muscles,secondary,camera,equipment,fault_demo,area,where,level,rehab,sets_reps,cues,mistakes
"bodyweight-squat","Bodyweight squat","squat.fbx","quads,glutes","adductors,abs","side","","knees_cave","Legs","home","1","","3 x 12","sit back and down like there is a chair behind you | keep your whole foot on the floor | push the floor away to stand","Knees falling in | Heels lifting | Chest collapsing forward"
"goblet-squat","Goblet squat","squat.fbx","quads,glutes","adductors,abs,upper_back","side","Dumbbell","heels_lift","Legs","both","1","","3 x 10","hold the weight tight to your chest | elbows inside your knees at the bottom | drive up through your heels","Heels lifting | Weight drifting away from the chest | Cutting depth short"
"barbell-back-squat","Barbell back squat","squat.fbx","quads,glutes","adductors,lower_back,abs","threeBack","Barbell; Squat rack","knees_cave","Legs","gym","3","","4 x 6","brace like someone is about to poke your stomach | knees follow your toes | stand up with the bar and your hips together","Knees caving | Hips shooting up first | Losing the brace at the bottom"
"sumo-squat","Dumbbell sumo squat","squat.fbx","adductors,glutes,quads","abs","front","Dumbbell","knees_cave","Legs","both","1","","3 x 12","wide stance, toes turned out | push your knees out over your toes | stay tall as you sink","Knees falling in | Leaning forward"
"wall-sit","Wall sit","wallSit.fbx","quads","glutes","side","Wall","","Legs","home","1","","3 x 30 sec","back flat on the wall | knees over ankles | breathe slowly and hold","Knees drifting past the toes | Holding your breath"
"sit-to-stand","Sit to stand","sitToStand.fbx","quads,glutes","abs","side","Chair","knees_cave","Legs","home","1","yes","3 x 10","nose over toes to stand up | no hands if you can | sit down slowly, do not flop","Using the hands to push up | Dropping into the chair | Knees falling in"
"split-squat","Split squat","splitSquat.fbx","quads,glutes","adductors,hip_flexors","side","","knees_cave","Legs","home","1","","3 x 8 each side","drop the back knee straight down | front foot stays flat | stay tall through the chest","Front knee caving in | Front heel lifting | Stance too narrow"
"db-split-squat","Dumbbell split squat","splitSquat.fbx","quads,glutes","adductors,forearms","side","Dumbbells","knees_cave","Legs","both","2","","3 x 8 each side","weights hang by your sides | back knee kisses the floor | push through the front foot","Front knee caving in | Leaning to one side"
"reverse-lunge","Reverse lunge","reverseLunge.fbx","quads,glutes","hamstrings,adductors","side","","","Legs","home","1","","3 x 8 each side","step back long | most of your weight in the front foot | push through the front heel to come back","Short step | Front knee caving | Wobbling side to side"
"bulgarian-split-squat","Bulgarian split squat","bulgarian.fbx","quads,glutes","adductors,hip_flexors","side","Bench or couch; Dumbbells","knees_cave","Legs","both","2","","3 x 8 each side","back foot laces down on the bench | drop straight down | front knee tracks over your toes","Front foot too close to the bench | Pushing off the back leg"
"step-up","Step-up","stepUp.fbx","quads,glutes","calves,hamstrings","side","Step or box; Dumbbells (optional)","knees_cave","Legs","home","1","","3 x 8 each side","whole foot on the box | drive through the top leg, not the bottom one | step down slowly","Pushing off the floor leg | Knee caving in on the box"
"lateral-lunge","Lateral lunge","lateralLunge.fbx","adductors,glutes,quads","hamstrings","front","","","Legs","home","2","","3 x 6 each side","sit back into one hip | keep the other leg long | both feet stay flat","Knee shooting past the toes | Rounding the back"
"standing-hip-abduction","Standing hip abduction","standingAbduction.fbx","glute_med","obliques","front","Wall or chair for balance","","Legs","home","1","yes","3 x 12 each side","stand tall, hold something for balance | lift the leg out to the side, toes forward | do not lean the other way","Leaning the torso | Turning the toes up"
"glute-bridge","Glute bridge","bridge.fbx","glutes","hamstrings,abs","side","Mat","arch_back","Legs","home","1","yes","3 x 12","squeeze your glutes to lift | ribs stay down | pause one second at the top","Arching the lower back | Pushing through the toes"
"single-leg-bridge","Single-leg glute bridge","bridge.fbx","glutes","hamstrings,abs","side","Mat","","Legs","home","2","","3 x 8 each side","press through the heel of the bent leg | keep your hips level | lower slowly","Hips twisting | Arching the lower back"
"db-rdl","Dumbbell Romanian deadlift","hinge.fbx","hamstrings,glutes","lower_back,forearms","side","Dumbbells","back_round","Legs","both","2","","3 x 10","push your hips back to a wall behind you | weights slide down your thighs | soft knees, long spine","Rounding the lower back | Squatting instead of hinging"
"barbell-deadlift","Barbell deadlift","hinge.fbx","glutes,hamstrings,lower_back","quads,upper_back,forearms","three","Barbell; Plates","back_round","Legs","gym","3","","4 x 5","bar over the middle of your foot | pull the slack out of the bar first | push the floor away","Lower back rounding | Bar drifting away from the legs | Jerking the bar off the floor"
"kettlebell-swing","Kettlebell swing","hinge.fbx","glutes,hamstrings","lower_back,abs,forearms","side","Kettlebell","back_round","Legs","both","2","","4 x 15","hike the bell back between your legs | snap your hips forward | arms just guide the bell","Squatting the swing | Lifting with the arms | Rounding the back"
"single-leg-rdl","Single-leg Romanian deadlift","singleLegRdl.fbx","hamstrings,glutes","glute_med,lower_back","side","Dumbbells","back_round","Legs","both","2","","3 x 8 each side","reach the back leg long | hips stay square to the floor | soft standing knee","Hip opening up | Rounding the back"
"standing-calf-raise","Standing calf raise","calfRaise.fbx","calves","","low","","","Legs","home","1","yes","3 x 15","rise high onto the big toe | pause at the top | lower slowly, three seconds down","Bouncing | Rolling onto the outside of the foot"
"seated-calf-raise","Seated calf raise","seatedCalf.fbx","calves","","side","Bench or chair; Dumbbell","","Legs","home","1","","3 x 15","weight on top of your knees | lift the heels as high as you can | lower slowly","Rushing the reps | Half range"
"leg-press","Leg press","legPress.fbx","quads,glutes","adductors,hamstrings","side","Leg press machine","knees_cave","Legs","gym","2","","3 x 10","feet flat, hip width | knees track over your toes | lower until your hips start to lift, then stop","Knees caving in | Lower back peeling off the pad | Locking the knees hard"
"lying-leg-curl","Lying leg curl","legCurl.fbx","hamstrings","calves","side","Leg curl machine","","Legs","gym","1","","3 x 12","hips pressed into the pad | curl your heels to your glutes | three seconds down","Hips lifting off the pad | Swinging the weight"
"leg-extension","Leg extension","legExtension.fbx","quads","","side","Leg extension machine","","Legs","gym","1","","3 x 12","sit all the way back | straighten fully and squeeze | lower with control","Kicking the weight up | Hips sliding forward"
"seated-knee-extension","Seated knee extension","legExtension.fbx","quads","","side","Chair; Ankle weight (optional)","","Legs","home","1","yes","3 x 12","sit tall | straighten the knee all the way | hold two seconds, lower slowly","Leaning back | Not reaching full straight"
"clamshell","Clamshell","clamshell.fbx","glute_med","glutes","front","Mat; Mini band (optional)","","Legs","home","1","yes","3 x 15 each side","heels stay together | open the top knee like a book | do not let the top hip roll back","Rolling the pelvis back | Rushing"
"side-lying-leg-raise","Side-lying leg raise","sideLegRaise.fbx","glute_med","obliques","front","Mat","","Legs","home","1","yes","3 x 12 each side","lead with the heel | toes point forward, not up | lift only as high as you can without rolling","Toes turning up | Rolling backward"
"band-lateral-walk","Banded lateral walk","lateralWalk.fbx","glute_med","glutes,quads","front","Mini band","knees_cave","Legs","home","1","","3 x 10 steps each way","stay in a quarter squat | push the knees out against the band | small, controlled steps","Knees caving in | Standing up tall | Feet snapping together"
"donkey-kick","Donkey kick","donkeyKick.fbx","glutes","hamstrings,abs","side","Mat","","Legs","home","1","","3 x 12 each side","press the foot to the ceiling | keep the knee bent at 90 | back stays flat like a table","Arching the lower back | Swinging the leg"
"fire-hydrant","Fire hydrant","fireHydrant.fbx","glute_med","glutes","threeBack","Mat","","Legs","home","1","","3 x 12 each side","lift the knee out to the side | keep your weight centred | slow on the way down","Shifting weight away from the working leg | Twisting the spine"
"push-up","Push-up","pushup.fbx","pecs,triceps","delts,abs","side","","hips_sag","Push","home","2","","3 x 10","hands under your shoulders | body moves as one plank | push the floor away","Hips sagging | Elbows flaring straight out | Half reps"
"incline-push-up","Incline push-up","pushup.fbx","pecs,triceps","delts,abs","side","Bench, counter or sturdy chair","hips_sag","Push","home","1","","3 x 12","hands on the edge, shoulder width | chest to the bench | squeeze your glutes the whole time","Hips sagging | Head poking forward"
"knee-push-up","Knee push-up","pushup.fbx","pecs,triceps","delts,abs","side","Mat","hips_sag","Push","home","1","","3 x 10","straight line from knees to head | lower your chest between your hands | press back up","Hips piking up | Hips sagging"
"pike-push-up","Pike push-up","pikePushup.fbx","delts,triceps","upper_back,pecs","side","Mat","","Push","home","3","","3 x 8","hips high like an upside-down V | lower the top of your head toward the floor | press back up","Hips dropping | Elbows flaring wide"
"db-bench-press","Dumbbell bench press","benchPress.fbx","pecs,triceps","delts","side","Bench; Dumbbells","arch_back","Push","both","2","","3 x 10","feet planted, shoulder blades squeezed | lower to the sides of your chest | press up and slightly in","Big lower back arch | Dropping the weights too fast"
"barbell-bench-press","Barbell bench press","benchPress.fbx","pecs,triceps","delts","three","Bench; Barbell","arch_back","Push","gym","3","","4 x 6","eyes under the bar | touch the lower chest | drive your feet into the floor","Bouncing the bar | Butt lifting off the bench"
"db-shoulder-press","Dumbbell shoulder press","shoulderPress.fbx","delts,triceps","upper_back,abs","front","Dumbbells","arch_back","Push","both","2","","3 x 10","ribs down, glutes tight | press straight up | finish with biceps by your ears","Leaning back | Shrugging to the ears"
"lateral-raise","Lateral raise","lateralRaise.fbx","delts","traps","front","Dumbbells","","Push","both","1","","3 x 12","lead with the elbows | stop at shoulder height | slow on the way down","Swinging | Shrugging"
"front-raise","Front raise","frontRaise.fbx","delts","pecs","side","Dumbbells","","Push","both","1","","3 x 12","arms long, soft elbows | lift to eye level | no leaning back","Using momentum | Arching the back"
"bench-dip","Bench dip","benchDip.fbx","triceps","pecs,delts","side","Bench or sturdy chair","","Push","home","2","","3 x 10","hips close to the bench | bend the elbows straight back | stop when upper arms are level","Going too deep | Shoulders rolling forward"
"overhead-triceps-extension","Overhead triceps extension","overheadTriceps.fbx","triceps","abs","side","Dumbbell","","Push","both","1","","3 x 12","elbows point to the ceiling | lower behind your head | straighten fully","Elbows flaring | Arching the back"
"cable-triceps-pushdown","Cable triceps pushdown","pushdown.fbx","triceps","","side","Cable machine","","Push","gym","1","","3 x 12","elbows pinned to your sides | push down until straight | control it back up","Elbows drifting forward | Leaning over the bar"
"wall-slide","Wall slide","wallSlide.fbx","upper_back,delts","traps","front","Wall","","Push","home","1","yes","2 x 10","back and arms against the wall | slide up only as far as the arms stay in contact | ribs stay down","Arching off the wall | Shrugging"
"lat-pulldown","Lat pulldown","pulldown.fbx","lats","biceps,upper_back,rear_delts","back","Lat pulldown machine","lean_back","Pull","gym","1","","3 x 10","pull your elbows down into your back pockets | bar to the top of your chest | control it back up","Leaning way back | Pulling with the arms only | Shrugging"
"pull-up","Pull-up","pullup.fbx","lats","biceps,upper_back,forearms","back","Pull-up bar","","Pull","both","3","","3 x 5","start from a dead hang | drive the elbows down | chin over the bar, then lower slowly","Kipping | Half reps"
"bent-over-row","Bent-over dumbbell row","bentRow.fbx","lats,upper_back","biceps,rear_delts,lower_back","side","Dumbbells","back_round","Pull","both","2","","3 x 10","hinge forward with a flat back | row the weights to your hips | squeeze your shoulder blades","Back rounding | Standing up as you row"
"single-arm-row","Single-arm dumbbell row","singleArmRow.fbx","lats,upper_back","biceps,rear_delts","sideR","Bench; Dumbbell","","Pull","both","1","","3 x 10 each side","hand and knee on the bench | pull the elbow toward your hip | do not twist open","Twisting the torso | Shrugging the weight up"
"seated-cable-row","Seated cable row","cableRow.fbx","upper_back,lats","biceps,rear_delts","side","Cable row machine","back_round","Pull","gym","1","","3 x 12","sit tall | pull the handle to your belly button | shoulders back and down","Rocking back and forth | Rounding forward on the return"
"band-pull-apart","Band pull-apart","pullApart.fbx","rear_delts,upper_back","traps","back","Resistance band","","Pull","home","1","yes","3 x 15","arms straight at chest height | pull the band to your chest | squeeze between the shoulder blades","Shrugging | Bending the elbows"
"face-pull","Face pull","facePull.fbx","rear_delts,upper_back","traps","three","Cable machine; Rope","","Pull","gym","2","","3 x 15","pull the rope to your forehead | elbows high and wide | finish like a double biceps pose","Elbows dropping | Leaning back"
"db-biceps-curl","Dumbbell biceps curl","curl.fbx","biceps","forearms","three","Dumbbells","","Pull","both","1","","3 x 12","elbows stay by your sides | curl all the way up | three seconds down","Swinging the body | Elbows drifting forward"
"hammer-curl","Hammer curl","curl.fbx","biceps,forearms","","three","Dumbbells","","Pull","both","1","","3 x 12","thumbs up the whole time | elbows still | slow down","Swinging | Short range"
"reverse-fly","Bent-over reverse fly","reverseFly.fbx","rear_delts,upper_back","traps","back","Light dumbbells","","Pull","both","1","","3 x 12","hinge forward, flat back | open the arms like wings | lead with the pinkies","Using heavy weights and swinging | Rounding the back"
"superman","Superman","superman.fbx","lower_back,glutes","upper_back,hamstrings","side","Mat","","Pull","home","1","","3 x 10","lift arms and legs a few inches | look at the floor | hold two seconds","Cranking the neck up | Lifting too high"
"plank","Forearm plank","plank.fbx","abs","obliques,delts,glutes","side","Mat","hips_sag","Core","home","1","","3 x 30 sec","elbows under shoulders | squeeze glutes and pull ribs down | breathe while you hold","Hips sagging | Hips piked up | Holding the breath"
"side-plank","Side plank","sidePlank.fbx","obliques","glute_med,abs,delts","front","Mat","","Core","home","2","","3 x 20 sec each side","elbow under the shoulder | lift the hips high | straight line from head to feet","Hips dropping | Rolling forward"
"dead-bug","Dead bug","deadBug.fbx","abs","obliques,hip_flexors","side","Mat","arch_back","Core","home","1","yes","3 x 6 each side","press your lower back into the floor | reach opposite arm and leg long | breathe out as you reach","Lower back arching | Moving too fast"
"bird-dog","Bird dog","birdDog.fbx","lower_back,glutes","abs,delts","side","Mat","arch_back","Core","home","1","yes","3 x 6 each side","reach long, not high | keep a cup of water balanced on your back | pause at full reach","Arching the back | Hips rotating"
"crunch","Crunch","crunch.fbx","abs","obliques","side","Mat","","Core","home","1","","3 x 15","curl your ribs toward your hips | lift only your shoulder blades | slow on the way down","Pulling on the neck | Sitting all the way up"
"lying-leg-raise","Lying leg raise","legRaise.fbx","abs,hip_flexors","obliques","side","Mat","arch_back","Core","home","2","","3 x 10","lower back stays glued down | lower the legs only as far as you can control | lift with the belly","Back arching off the floor | Dropping the legs"
"russian-twist","Russian twist","russianTwist.fbx","obliques","abs,hip_flexors","front","Mat; Weight (optional)","","Core","home","2","","3 x 10 each side","lean back with a long spine | turn from your ribs, not your arms | move slow","Rounding the back | Only moving the arms"
"mountain-climber","Mountain climber","mountainClimber.fbx","abs,hip_flexors","delts,quads","side","Mat","","Core","home","2","","3 x 30 sec","shoulders over hands | drive the knees to the chest | hips stay low","Hips bouncing high | Shoulders drifting back"
"pallof-press","Pallof press","pallof.fbx","obliques,abs","glutes","front","Resistance band or cable","","Core","both","1","yes","3 x 10 each side","stand side-on to the anchor | press straight out from your chest | do not let the band turn you","Twisting toward the anchor | Leaning away"
"cat-cow","Cat-cow","catCow.fbx","lower_back,abs","upper_back","side","Mat","","Mobility","home","1","yes","2 x 8 slow","round up through the whole spine | then let the belly sink and look up | move with your breath","Only moving the neck | Rushing"
"half-kneeling-hip-flexor-stretch","Half-kneeling hip flexor stretch","hipFlexorStretch.fbx","hip_flexors","glutes,abs","side","Mat or cushion","","Mobility","home","1","yes","2 x 30 sec each side","tuck your tailbone under | squeeze the glute of the back leg | shift forward gently and reach up","Arching the lower back | Lunging too far forward"
"farmers-march","Farmer's march","farmerMarch.fbx","forearms,traps,abs","glute_med,hip_flexors","front","Dumbbells or kettlebells","","Mobility","both","1","","3 x 30 sec","stand tall with heavy weights | lift each knee to hip height | do not lean side to side","Leaning | Shrugging"
